file\tsize\tcontent-type
and7ey.github.io_lampa_head_filter.js	5483	application/javascript; charset=utf-8
and7ey.github.io_lampa_head_filter.js.headers	635	unknown
and7ey.github.io_lampa_kinopoisk.js	23359	application/javascript; charset=utf-8
and7ey.github.io_lampa_kinopoisk.js.headers	637	unknown
and7ey.github.io_lampa_stats.js	38741	application/javascript; charset=utf-8
and7ey.github.io_lampa_stats.js.headers	637	unknown
and7ey.github.io_lampa_synology_dlna.js	28009	application/javascript; charset=utf-8
and7ey.github.io_lampa_synology_dlna.js.headers	636	unknown
and7ey.github.io_lampa_synology_nas.js	30388	application/javascript; charset=utf-8
and7ey.github.io_lampa_synology_nas.js.headers	637	unknown
arkmv.ru_vod	74933	unknown
arkmv.ru_vod.headers	373	unknown
baylampa.github.io_addon.js.headers	565	unknown
baylampa.github.io_jackets.js.headers	565	unknown
bwa.to_cloud.js	79962	unknown
bwa.to_cloud.js.headers	572	unknown
bwa.to_co	79962	unknown
bwa.to_co.headers	572	unknown
bwa.to_o	148	application/javascript; charset=utf-8
bwa.to_o.headers	316	unknown
bwa.to_plugins_prestige.js	57957	application/javascript; charset=utf-8
bwa.to_plugins_prestige.js.headers	430	unknown
bwa.to_rc	79962	unknown
bwa.to_rc.headers	572	unknown
bylampa.github.io_cinema.js	5969	application/javascript; charset=utf-8
bylampa.github.io_cinema.js.headers	683	unknown
cdn.kulik.uz_cors	203361	application/javascript; charset=utf-8
cdn.kulik.uz_cors.headers	560	unknown
cub.red_plugin_interface	13980	text/javascript; charset=utf-8
cub.red_plugin_interface.headers	380	unknown
cub.red_plugin_iptv	207167	text/javascript; charset=utf-8
cub.red_plugin_iptv.headers	382	unknown
cub.red_plugin_quality	5130	text/javascript; charset=utf-8
cub.red_plugin_quality.headers	379	unknown
cub.red_plugin_tmdb-proxy	1523	text/javascript; charset=utf-8
cub.red_plugin_tmdb-proxy.headers	378	unknown
cub.watch_plugin_etor	1050	text/html; charset=utf-8
cub.watch_plugin_etor.headers	689	unknown
immisterio.github.io_bwa_fx.js	58055	application/javascript; charset=utf-8
immisterio.github.io_bwa_fx.js.headers	680	unknown
lampa.mx_app.min.js	1601515	application/javascript
lampa.mx_app.min.js.headers	388	unknown
lampa.stream_modss	6856	text/html; charset=utf-8
lampa.stream_modss.headers	168	unknown
lampame.github.io_main_newcategory.js	135	application/javascript; charset=utf-8
lampame.github.io_main_newcategory.js.headers	699	unknown
lampaplugins.github.io_store_o.js	5352	application/javascript; charset=utf-8
lampaplugins.github.io_store_o.js.headers	702	unknown
lampaplugins.github.io_store_record.js	17836	application/javascript; charset=utf-8
lampaplugins.github.io_store_record.js.headers	682	unknown
lampaplugins.github.io_store_store.js	2800	application/javascript; charset=utf-8
lampaplugins.github.io_store_store.js.headers	682	unknown
lampaplugins.github.io_store_vcdn.js	457	application/javascript; charset=utf-8
lampaplugins.github.io_store_vcdn.js.headers	700	unknown
nb557.github.io_plugins_online_mod.js	559988	application/javascript; charset=utf-8
nb557.github.io_plugins_online_mod.js.headers	684	unknown
nb557.surge.sh_online_mod.js	559988	application/javascript; charset=UTF-8
nb557.surge.sh_online_mod.js.headers	457	unknown
nemiroff.github.io_lampa_rr.js	17588	application/javascript; charset=utf-8
nemiroff.github.io_lampa_rr.js.headers	640	unknown
plugin.rootu.top_ts-preload.js	11417	application/javascript; charset=utf8
plugin.rootu.top_ts-preload.js.headers	300	unknown
plugin.rootu.top_wsoff.js	527	application/javascript; charset=utf8
plugin.rootu.top_wsoff.js.headers	297	unknown
showwwy.com_m.js	99881	application/javascript
showwwy.com_m.js.headers	625	unknown
showy.online_m.js	99881	application/javascript
showy.online_m.js.headers	700	unknown
skaz.tv_o.js	657	text/html; charset=UTF-8
skaz.tv_o.js.headers	652	unknown
skaz.tv_tv.js	31143	application/javascript
skaz.tv_tv.js.headers	607	unknown
skaz.tv_tv2.js	163123	application/javascript; charset=utf-8
skaz.tv_tv2.js.headers	650	unknown
skaz.tv_vcdn.js	900	text/html; charset=UTF-8
skaz.tv_vcdn.js.headers	680	unknown
skaztv.online_js_tricks.js	70320	text/html; charset=UTF-8
skaztv.online_js_tricks.js.headers	573	unknown
smotret24.com_online.js	84584	unknown
smotret24.com_online.js.headers	543	unknown
smotret24.ru_online.js	84579	unknown
smotret24.ru_online.js.headers	543	unknown
